{"stats":{"minecraft:broken":{"minecraft:stone_hoe":1,"minecraft:iron_axe":3,"minecraft:iron_pickaxe":1},"minecraft:mined":{"minecraft:nether_gold_ore":6,"minecraft:tuff":27,"minecraft:white_bed":5,"minecraft:oak_sapling":5,"minecraft:deepslate_diamond_ore":5,"minecraft:granite":1,"minecraft:chiseled_polished_blackstone":2,"minecraft:grass_block":140,"minecraft:crimson_roots":1,"minecraft:cracked_polished_blackstone_bricks":2,"minecraft:oak_pressure_plate":1,"minecraft:composter":12,"minecraft:hay_block":21,"minecraft:polished_blackstone_bricks":18,"minecraft:oak_trapdoor":1,"minecraft:carrots":330,"minecraft:iron_ore":8,"minecraft:fire":35,"minecraft:andesite":4,"minecraft:fletching_table":7,"minecraft:gold_block":2,"minecraft:potatoes":399,"minecraft:pointed_dripstone":1,"minecraft:oak_sign":1,"minecraft:deepslate_iron_ore":12,"minecraft:oak_stairs":4,"minecraft:stripped_oak_log":8,"minecraft:stone":84,"minecraft:bone_block":15,"minecraft:white_wool":9,"minecraft:tripwire":2,"minecraft:deepslate_redstone_ore":9,"minecraft:blackstone":2,"minecraft:crimson_nylium":10,"minecraft:basalt":5,"minecraft:oak_fence":3,"minecraft:torch":7,"minecraft:short_grass":204,"minecraft:chest":3,"minecraft:nether_quartz_ore":267,"minecraft:tall_grass":23,"minecraft:cobblestone":2,"minecraft:polished_blackstone_brick_stairs":1,"minecraft:deepslate_gold_ore":12,"minecraft:oak_planks":6,"minecraft:sugar_cane":283,"minecraft:diorite":5,"minecraft:wall_torch":1,"minecraft:yellow_wool":9,"minecraft:wheat":373,"minecraft:white_carpet":1,"minecraft:yellow_bed":5,"minecraft:oak_log":1666,"minecraft:coal_ore":47,"minecraft:beetroots":3,"minecraft:gravel":7,"minecraft:dripstone_block":7,"minecraft:dirt":36,"minecraft:netherrack":331,"minecraft:gold_ore":10,"minecraft:oak_leaves":275,"minecraft:deepslate":61},"minecraft:custom":{"minecraft:interact_with_smithing_table":1,"minecraft:interact_with_anvil":4,"minecraft:mob_kills":76,"minecraft:animals_bred":128,"minecraft:inspect_hopper":1,"minecraft:interact_with_crafting_table":57,"minecraft:leave_game":12,"minecraft:time_since_death":165630,"minecraft:sprint_one_cm":1665270,"minecraft:walk_one_cm":1512909,"minecraft:damage_blocked_by_shield":1500,"minecraft:drop":366,"minecraft:talked_to_villager":164,"minecraft:play_time":551625,"minecraft:deaths":3,"minecraft:sneak_time":5937,"minecraft:walk_under_water_one_cm":1415,"minecraft:jump":10951,"minecraft:enchant_item":3,"minecraft:walk_on_water_one_cm":15859,"minecraft:total_world_time":551625,"minecraft:interact_with_furnace":65,"minecraft:traded_with_villager":581,"minecraft:interact_with_grindstone":4,"minecraft:sleep_in_bed":35,"minecraft:time_since_rest":22540,"minecraft:damage_taken":4462,"minecraft:damage_dealt":13463,"minecraft:fly_one_cm":2259314,"minecraft:open_chest":527,"minecraft:crouch_one_cm":17847,"minecraft:interact_with_smoker":1,"minecraft:fall_one_cm":356746},"minecraft:used":{"minecraft:oak_fence":98,"minecraft:oak_trapdoor":3,"minecraft:flint_and_steel":105,"minecraft:stone_shovel":100,"minecraft:chest":6,"minecraft:shield":60,"minecraft:stone_hoe":163,"minecraft:rotten_flesh":1,"minecraft:netherrack":145,"minecraft:torch":90,"minecraft:dirt":14,"minecraft:white_carpet":4,"minecraft:carrot":504,"minecraft:tuff":23,"minecraft:obsidian":10,"minecraft:iron_hoe":163,"minecraft:bookshelf":6,"minecraft:iron_axe":1024,"minecraft:bow":17,"minecraft:oak_sapling":453,"minecraft:goat_horn":3,"minecraft:egg":1,"minecraft:potato":499,"minecraft:cooked_beef":45,"minecraft:cobbled_deepslate":10,"minecraft:wheat_seeds":346,"minecraft:water_bucket":9,"minecraft:diamond_boots":1,"minecraft:oak_planks":6,"minecraft:stone_pickaxe":113,"minecraft:wooden_pickaxe":6,"minecraft:composter":13,"minecraft:sugar_cane":22,"minecraft:fletching_table":7,"minecraft:diamond_axe":966,"minecraft:blast_furnace":1,"minecraft:crafting_table":5,"minecraft:crossbow":1,"minecraft:white_bed":16,"minecraft:oak_log":1,"minecraft:diamond_pickaxe":886,"minecraft:apple":1,"minecraft:diamond_shovel":78,"minecraft:string":4,"minecraft:bread":77,"minecraft:iron_pickaxe":253,"minecraft:stone_axe":131,"minecraft:diamond_sword":65,"minecraft:cobblestone":55,"minecraft:smithing_table":1,"minecraft:bucket":11,"minecraft:yellow_bed":6,"minecraft:bone_meal":24},"minecraft:crafted":{"minecraft:smooth_stone":6,"minecraft:oak_planks":4072,"minecraft:stone_shovel":11,"minecraft:furnace":1,"minecraft:blast_furnace":1,"minecraft:stone":6,"minecraft:yellow_bed":1,"minecraft:bone_meal":24,"minecraft:diamond_shovel":1,"minecraft:bookshelf":6,"minecraft:white_carpet":3,"minecraft:oak_trapdoor":2,"minecraft:flint_and_steel":2,"minecraft:diamond_helmet":3,"minecraft:bow":1,"minecraft:diamond_leggings":2,"minecraft:iron_axe":1,"minecraft:iron_hoe":1,"minecraft:stone_pickaxe":8,"minecraft:chest":3,"minecraft:diamond_boots":2,"minecraft:stone_hoe":2,"minecraft:oak_fence":132,"minecraft:wheat":324,"minecraft:cooked_beef":61,"minecraft:oak_slab":36,"minecraft:diamond_sword":2,"minecraft:emerald":554,"minecraft:cooked_porkchop":15,"minecraft:diamond_axe":2,"minecraft:crafting_table":5,"minecraft:wooden_pickaxe":1,"minecraft:smithing_table":1,"minecraft:bucket":1,"minecraft:birch_planks":512,"minecraft:enchanted_book":5,"minecraft:stone_axe":4,"minecraft:air":0,"minecraft:bread":100,"minecraft:book":17,"minecraft:white_wool":259,"minecraft:iron_chestplate":2,"minecraft:paper":399,"minecraft:diamond_pickaxe":3,"minecraft:shield":5,"minecraft:stick":8328,"minecraft:iron_ingot":60,"minecraft:white_bed":11,"minecraft:composter":5,"minecraft:torch":72,"minecraft:shears":1,"minecraft:diamond_chestplate":2},"minecraft:dropped":{"minecraft:stone_hoe":1,"minecraft:enchanted_book":13,"minecraft:bread":43,"minecraft:diamond_axe":1,"minecraft:dripstone_block":5,"minecraft:crossbow":1,"minecraft:cobblestone":44,"minecraft:emerald":252,"minecraft:cobblestone_stairs":16,"minecraft:stick":2,"minecraft:torch":36,"minecraft:string":198,"minecraft:bone":3,"minecraft:gold_ingot":7,"minecraft:gravel":1,"minecraft:stone_axe":2,"minecraft:stone_sword":1,"minecraft:cobbled_deepslate":9,"minecraft:tuff":1,"minecraft:stone_shovel":2,"minecraft:oak_planks":6,"minecraft:diamond_shovel":1,"minecraft:oak_sign":2,"minecraft:carrot":110,"minecraft:potato":144,"minecraft:shield":1,"minecraft:diamond_pickaxe":3,"minecraft:iron_chestplate":1,"minecraft:andesite":6,"minecraft:oak_sapling":1,"minecraft:chest":1,"minecraft:arrow":4,"minecraft:bow":1,"minecraft:stone_pickaxe":8,"minecraft:netherrack":3},"minecraft:picked_up":{"minecraft:wheat":343,"minecraft:yellow_wool":9,"minecraft:lead":2,"minecraft:oak_stairs":9,"minecraft:gold_block":2,"minecraft:enchanted_book":21,"minecraft:nether_brick":5,"minecraft:golden_sword":1,"minecraft:polished_blackstone_brick_stairs":5,"minecraft:string":3892,"minecraft:oak_trapdoor":1,"minecraft:white_carpet":1,"minecraft:blackstone":2,"minecraft:oak_sign":2,"minecraft:diamond_leggings":2,"minecraft:cobbled_deepslate":57,"minecraft:gold_nugget":37,"minecraft:bucket":1,"minecraft:beef":29,"minecraft:iron_pickaxe":1,"minecraft:sugar_cane":381,"minecraft:chest":4,"minecraft:egg":5,"minecraft:stick":376,"minecraft:raw_iron":24,"minecraft:composter":12,"minecraft:oak_fence":3,"minecraft:torch":77,"minecraft:porkchop":7,"minecraft:polished_blackstone_bricks":36,"minecraft:golden_axe":1,"minecraft:pointed_dripstone":5,"minecraft:diorite":4,"minecraft:carrot":1313,"minecraft:redstone":42,"minecraft:golden_chestplate":1,"minecraft:stone_sword":1,"minecraft:arrow":10,"minecraft:rotten_flesh":30,"minecraft:beetroot_seeds":3,"minecraft:diamond_boots":2,"minecraft:hay_block":36,"minecraft:gold_ingot":44,"minecraft:obsidian":1,"minecraft:bone_block":15,"minecraft:white_wool":43,"minecraft:cobblestone":191,"minecraft:birch_log":256,"minecraft:stripped_oak_log":8,"minecraft:basalt":5,"minecraft:cooked_beef":29,"minecraft:andesite":9,"minecraft:leather":19,"minecraft:red_mushroom":1,"minecraft:potato":1623,"minecraft:flint":1,"minecraft:tuff":27,"minecraft:oak_log":1793,"minecraft:golden_boots":1,"minecraft:yellow_bed":5,"minecraft:gunpowder":4,"minecraft:cobblestone_stairs":16,"minecraft:dirt":193,"minecraft:bone":6,"minecraft:apple":55,"minecraft:bow":1,"minecraft:wheat_seeds":1007,"minecraft:raw_gold":22,"minecraft:iron_ingot":30,"minecraft:stone_pickaxe":1,"minecraft:fletching_table":7,"minecraft:oak_planks":7,"minecraft:soul_sand":1,"minecraft:chiseled_polished_blackstone":2,"minecraft:dripstone_block":10,"minecraft:quartz":406,"minecraft:oak_pressure_plate":1,"minecraft:poisonous_potato":8,"minecraft:gravel":20,"minecraft:white_bed":5,"minecraft:crying_obsidian":3,"minecraft:diamond_shovel":3,"minecraft:diamond":16,"minecraft:cracked_polished_blackstone_bricks":3,"minecraft:granite":1,"minecraft:crossbow":1,"minecraft:diamond_axe":1,"minecraft:smooth_quartz_slab":1,"minecraft:bread":24,"minecraft:emerald":520,"minecraft:oak_sapling":624,"minecraft:netherrack":454,"minecraft:coal":47,"minecraft:crimson_roots":4,"minecraft:diamond_pickaxe":3},"minecraft:killed":{"minecraft:spider":1,"minecraft:skeleton":4,"minecraft:piglin_brute":5,"minecraft:piglin":17,"minecraft:hoglin":1,"minecraft:creeper":1,"minecraft:trader_llama":1,"minecraft:zombie":25,"minecraft:ghast":1,"minecraft:enderman":1,"minecraft:villager":2,"minecraft:cow":15}},"DataVersion":3953}