{"stats":{"minecraft:crafted":{"minecraft:smooth_stone":6,"minecraft:oak_planks":2608,"minecraft:stone_shovel":11,"minecraft:furnace":1,"minecraft:blast_furnace":1,"minecraft:stone":6,"minecraft:yellow_bed":1,"minecraft:bone_meal":24,"minecraft:diamond_shovel":1,"minecraft:bookshelf":6,"minecraft:white_carpet":3,"minecraft:oak_trapdoor":2,"minecraft:flint_and_steel":1,"minecraft:diamond_helmet":2,"minecraft:diamond_leggings":1,"minecraft:iron_hoe":1,"minecraft:stone_pickaxe":8,"minecraft:chest":3,"minecraft:diamond_boots":1,"minecraft:stone_hoe":2,"minecraft:oak_fence":132,"minecraft:wheat":324,"minecraft:cooked_beef":44,"minecraft:diamond_sword":1,"minecraft:emerald":203,"minecraft:cooked_porkchop":15,"minecraft:diamond_axe":1,"minecraft:crafting_table":5,"minecraft:wooden_pickaxe":1,"minecraft:smithing_table":1,"minecraft:bucket":1,"minecraft:birch_planks":512,"minecraft:stone_axe":4,"minecraft:air":0,"minecraft:bread":100,"minecraft:iron_chestplate":2,"minecraft:book":17,"minecraft:paper":78,"minecraft:diamond_pickaxe":2,"minecraft:shield":4,"minecraft:stick":5436,"minecraft:iron_ingot":60,"minecraft:white_bed":11,"minecraft:torch":72,"minecraft:shears":1,"minecraft:diamond_chestplate":1},"minecraft:picked_up":{"minecraft:wheat":126,"minecraft:yellow_wool":9,"minecraft:lead":2,"minecraft:oak_stairs":9,"minecraft:enchanted_book":1,"minecraft:nether_brick":5,"minecraft:oak_trapdoor":1,"minecraft:white_carpet":1,"minecraft:diamond_leggings":2,"minecraft:cobbled_deepslate":57,"minecraft:gold_nugget":25,"minecraft:bucket":1,"minecraft:beef":29,"minecraft:iron_pickaxe":1,"minecraft:sugar_cane":59,"minecraft:chest":1,"minecraft:egg":5,"minecraft:stick":160,"minecraft:raw_iron":24,"minecraft:oak_fence":3,"minecraft:torch":77,"minecraft:porkchop":7,"minecraft:pointed_dripstone":5,"minecraft:diorite":4,"minecraft:carrot":819,"minecraft:redstone":42,"minecraft:golden_chestplate":1,"minecraft:stone_sword":1,"minecraft:arrow":4,"minecraft:rotten_flesh":26,"minecraft:beetroot_seeds":3,"minecraft:diamond_boots":2,"minecraft:hay_block":36,"minecraft:gold_ingot":44,"minecraft:obsidian":1,"minecraft:bone_block":15,"minecraft:white_wool":43,"minecraft:cobblestone":191,"minecraft:birch_log":256,"minecraft:andesite":9,"minecraft:leather":19,"minecraft:red_mushroom":1,"minecraft:potato":1088,"minecraft:flint":1,"minecraft:tuff":27,"minecraft:oak_log":814,"minecraft:yellow_bed":5,"minecraft:gunpowder":4,"minecraft:cobblestone_stairs":16,"minecraft:dirt":193,"minecraft:bone":3,"minecraft:apple":22,"minecraft:wheat_seeds":411,"minecraft:raw_gold":22,"minecraft:iron_ingot":30,"minecraft:stone_pickaxe":1,"minecraft:fletching_table":7,"minecraft:oak_planks":5,"minecraft:soul_sand":1,"minecraft:quartz":169,"minecraft:dripstone_block":10,"minecraft:oak_pressure_plate":1,"minecraft:poisonous_potato":6,"minecraft:gravel":20,"minecraft:white_bed":5,"minecraft:crying_obsidian":3,"minecraft:diamond_shovel":1,"minecraft:diamond":16,"minecraft:granite":1,"minecraft:crossbow":1,"minecraft:diamond_axe":1,"minecraft:emerald":16,"minecraft:bread":24,"minecraft:oak_sapling":256,"minecraft:netherrack":327,"minecraft:coal":47,"minecraft:crimson_roots":3,"minecraft:diamond_pickaxe":3},"minecraft:custom":{"minecraft:interact_with_smithing_table":1,"minecraft:mob_kills":52,"minecraft:animals_bred":50,"minecraft:interact_with_crafting_table":48,"minecraft:leave_game":9,"minecraft:time_since_death":2185,"minecraft:sprint_one_cm":1078208,"minecraft:walk_one_cm":1030678,"minecraft:damage_blocked_by_shield":790,"minecraft:drop":335,"minecraft:talked_to_villager":85,"minecraft:play_time":385524,"minecraft:deaths":2,"minecraft:sneak_time":4055,"minecraft:walk_under_water_one_cm":1191,"minecraft:jump":8076,"minecraft:walk_on_water_one_cm":5148,"minecraft:total_world_time":385524,"minecraft:interact_with_furnace":60,"minecraft:traded_with_villager":220,"minecraft:interact_with_grindstone":1,"minecraft:sleep_in_bed":21,"minecraft:time_since_rest":2216,"minecraft:damage_taken":3070,"minecraft:damage_dealt":8987,"minecraft:fly_one_cm":1668142,"minecraft:open_chest":404,"minecraft:crouch_one_cm":12832,"minecraft:interact_with_smoker":1,"minecraft:fall_one_cm":266858},"minecraft:broken":{"minecraft:stone_hoe":1,"minecraft:iron_axe":2,"minecraft:iron_pickaxe":1},"minecraft:mined":{"minecraft:nether_gold_ore":5,"minecraft:tuff":27,"minecraft:white_bed":5,"minecraft:oak_sapling":3,"minecraft:deepslate_diamond_ore":5,"minecraft:granite":1,"minecraft:grass_block":140,"minecraft:oak_pressure_plate":1,"minecraft:hay_block":21,"minecraft:oak_trapdoor":1,"minecraft:carrots":183,"minecraft:iron_ore":8,"minecraft:fire":22,"minecraft:andesite":4,"minecraft:fletching_table":7,"minecraft:potatoes":239,"minecraft:pointed_dripstone":1,"minecraft:deepslate_iron_ore":12,"minecraft:oak_stairs":4,"minecraft:stone":84,"minecraft:bone_block":15,"minecraft:white_wool":9,"minecraft:deepslate_redstone_ore":9,"minecraft:crimson_nylium":7,"minecraft:oak_fence":3,"minecraft:torch":7,"minecraft:short_grass":192,"minecraft:chest":1,"minecraft:nether_quartz_ore":163,"minecraft:tall_grass":15,"minecraft:cobblestone":2,"minecraft:deepslate_gold_ore":12,"minecraft:oak_planks":4,"minecraft:sugar_cane":56,"minecraft:diorite":5,"minecraft:wall_torch":1,"minecraft:yellow_wool":9,"minecraft:wheat":155,"minecraft:white_carpet":1,"minecraft:yellow_bed":5,"minecraft:oak_log":682,"minecraft:coal_ore":47,"minecraft:beetroots":3,"minecraft:gravel":7,"minecraft:dripstone_block":7,"minecraft:dirt":36,"minecraft:netherrack":199,"minecraft:gold_ore":10,"minecraft:oak_leaves":104,"minecraft:deepslate":61},"minecraft:killed":{"minecraft:spider":1,"minecraft:skeleton":3,"minecraft:piglin":6,"minecraft:hoglin":1,"minecraft:trader_llama":1,"minecraft:zombie":21,"minecraft:ghast":1,"minecraft:villager":2,"minecraft:cow":15},"minecraft:used":{"minecraft:oak_fence":98,"minecraft:oak_trapdoor":3,"minecraft:flint_and_steel":55,"minecraft:stone_shovel":100,"minecraft:chest":4,"minecraft:shield":42,"minecraft:stone_hoe":163,"minecraft:rotten_flesh":1,"minecraft:netherrack":59,"minecraft:torch":90,"minecraft:dirt":14,"minecraft:white_carpet":4,"minecraft:carrot":357,"minecraft:tuff":23,"minecraft:obsidian":10,"minecraft:iron_hoe":163,"minecraft:bookshelf":6,"minecraft:iron_axe":773,"minecraft:oak_sapling":233,"minecraft:goat_horn":3,"minecraft:egg":1,"minecraft:potato":339,"minecraft:cooked_beef":16,"minecraft:cobbled_deepslate":10,"minecraft:wheat_seeds":124,"minecraft:water_bucket":9,"minecraft:diamond_boots":1,"minecraft:oak_planks":4,"minecraft:stone_pickaxe":113,"minecraft:wooden_pickaxe":6,"minecraft:sugar_cane":22,"minecraft:fletching_table":7,"minecraft:diamond_axe":17,"minecraft:blast_furnace":1,"minecraft:crafting_table":5,"minecraft:crossbow":1,"minecraft:white_bed":16,"minecraft:oak_log":1,"minecraft:diamond_pickaxe":613,"minecraft:apple":1,"minecraft:diamond_shovel":78,"minecraft:bread":77,"minecraft:iron_pickaxe":253,"minecraft:stone_axe":131,"minecraft:cobblestone":55,"minecraft:smithing_table":1,"minecraft:bucket":11,"minecraft:yellow_bed":6,"minecraft:bone_meal":24},"minecraft:dropped":{"minecraft:bread":43,"minecraft:diamond_axe":1,"minecraft:dripstone_block":5,"minecraft:crossbow":1,"minecraft:cobblestone":44,"minecraft:cobblestone_stairs":16,"minecraft:stick":2,"minecraft:torch":36,"minecraft:gold_ingot":7,"minecraft:gravel":1,"minecraft:stone_axe":2,"minecraft:cobbled_deepslate":9,"minecraft:stone_sword":1,"minecraft:tuff":1,"minecraft:stone_shovel":2,"minecraft:oak_planks":6,"minecraft:carrot":110,"minecraft:potato":144,"minecraft:shield":1,"minecraft:diamond_pickaxe":3,"minecraft:iron_chestplate":1,"minecraft:andesite":6,"minecraft:stone_pickaxe":8}},"DataVersion":3953}