{"stats":{"minecraft:broken":{"minecraft:stone_hoe":1,"minecraft:iron_axe":3,"minecraft:iron_pickaxe":1},"minecraft:mined":{"minecraft:white_bed":5,"minecraft:oak_sapling":5,"minecraft:granite":1,"minecraft:chiseled_polished_blackstone":2,"minecraft:grass_block":140,"minecraft:cracked_polished_blackstone_bricks":20,"minecraft:oak_pressure_plate":1,"minecraft:composter":12,"minecraft:nether_wart":10,"minecraft:gilded_blackstone":3,"minecraft:polished_blackstone_bricks":37,"minecraft:iron_ore":8,"minecraft:fire":41,"minecraft:fletching_table":7,"minecraft:nether_brick_stairs":5,"minecraft:pointed_dripstone":1,"minecraft:oak_sign":1,"minecraft:oak_stairs":4,"minecraft:tripwire":2,"minecraft:deepslate_redstone_ore":9,"minecraft:blackstone":37,"minecraft:crimson_nylium":16,"minecraft:torch":7,"minecraft:chest":3,"minecraft:cobblestone":2,"minecraft:nether_quartz_ore":274,"minecraft:wither_skeleton_wall_skull":1,"minecraft:sugar_cane":283,"minecraft:oak_planks":6,"minecraft:wall_torch":1,"minecraft:warped_nylium":3,"minecraft:nether_wart_block":2,"minecraft:yellow_wool":9,"minecraft:wheat":373,"minecraft:oak_log":1672,"minecraft:beetroots":3,"minecraft:dirt":36,"minecraft:netherrack":1844,"minecraft:oak_leaves":280,"minecraft:deepslate":61,"minecraft:nether_gold_ore":6,"minecraft:tuff":27,"minecraft:deepslate_diamond_ore":5,"minecraft:nether_bricks":74,"minecraft:crimson_roots":1,"minecraft:hay_block":21,"minecraft:oak_trapdoor":1,"minecraft:carrots":330,"minecraft:nether_sprouts":1,"minecraft:andesite":4,"minecraft:gold_block":2,"minecraft:potatoes":399,"minecraft:deepslate_iron_ore":12,"minecraft:warped_stem":13,"minecraft:stripped_oak_log":8,"minecraft:stone":84,"minecraft:bone_block":15,"minecraft:white_wool":9,"minecraft:soul_sand":40,"minecraft:basalt":6,"minecraft:oak_fence":3,"minecraft:short_grass":209,"minecraft:warped_roots":1,"minecraft:tall_grass":29,"minecraft:deepslate_gold_ore":12,"minecraft:polished_blackstone_brick_stairs":1,"minecraft:diorite":5,"minecraft:warped_wart_block":4,"minecraft:white_carpet":1,"minecraft:yellow_bed":5,"minecraft:coal_ore":47,"minecraft:dripstone_block":7,"minecraft:gravel":23,"minecraft:gold_ore":10},"minecraft:used":{"minecraft:chest":7,"minecraft:shield":74,"minecraft:rotten_flesh":1,"minecraft:carrot":504,"minecraft:tuff":23,"minecraft:obsidian":10,"minecraft:bow":17,"minecraft:oak_sapling":453,"minecraft:egg":1,"minecraft:potato":499,"minecraft:diamond_boots":1,"minecraft:wither_skeleton_skull":2,"minecraft:stone_pickaxe":113,"minecraft:oak_planks":6,"minecraft:wooden_pickaxe":6,"minecraft:composter":13,"minecraft:diamond_axe":985,"minecraft:sugar_cane":22,"minecraft:blast_furnace":1,"minecraft:crossbow":1,"minecraft:bread":77,"minecraft:string":4,"minecraft:gravel":1,"minecraft:diamond_sword":264,"minecraft:smithing_table":1,"minecraft:oak_boat":2,"minecraft:bone_meal":24,"minecraft:oak_trapdoor":3,"minecraft:oak_fence":98,"minecraft:flint_and_steel":106,"minecraft:stone_shovel":100,"minecraft:stone_hoe":163,"minecraft:netherrack":194,"minecraft:torch":90,"minecraft:dirt":14,"minecraft:warped_wart_block":3,"minecraft:white_carpet":4,"minecraft:iron_hoe":163,"minecraft:bookshelf":6,"minecraft:iron_axe":1024,"minecraft:goat_horn":3,"minecraft:cooked_beef":63,"minecraft:cobbled_deepslate":10,"minecraft:wheat_seeds":346,"minecraft:water_bucket":9,"minecraft:fletching_table":7,"minecraft:crafting_table":7,"minecraft:white_bed":16,"minecraft:warped_planks":48,"minecraft:oak_log":1,"minecraft:ender_eye":5,"minecraft:diamond_pickaxe":2573,"minecraft:apple":1,"minecraft:diamond_shovel":134,"minecraft:iron_pickaxe":253,"minecraft:stone_axe":131,"minecraft:cobblestone":55,"minecraft:bucket":11,"minecraft:yellow_bed":6},"minecraft:custom":{"minecraft:animals_bred":128,"minecraft:interact_with_crafting_table":59,"minecraft:leave_game":12,"minecraft:time_since_death":237630,"minecraft:sprint_one_cm":1889882,"minecraft:damage_blocked_by_shield":1810,"minecraft:drop":383,"minecraft:talked_to_villager":171,"minecraft:play_time":623625,"minecraft:deaths":3,"minecraft:jump":12630,"minecraft:walk_on_water_one_cm":21064,"minecraft:enchant_item":3,"minecraft:interact_with_furnace":71,"minecraft:traded_with_villager":582,"minecraft:sleep_in_bed":38,"minecraft:damage_dealt":24482,"minecraft:crouch_one_cm":24282,"minecraft:interact_with_smoker":1,"minecraft:interact_with_smithing_table":1,"minecraft:mob_kills":181,"minecraft:interact_with_anvil":4,"minecraft:inspect_hopper":1,"minecraft:climb_one_cm":75,"minecraft:walk_one_cm":1763294,"minecraft:sneak_time":7747,"minecraft:walk_under_water_one_cm":1667,"minecraft:boat_one_cm":40131,"minecraft:total_world_time":623625,"minecraft:interact_with_grindstone":4,"minecraft:time_since_rest":21994,"minecraft:damage_taken":5353,"minecraft:swim_one_cm":1575,"minecraft:fly_one_cm":2568434,"minecraft:open_chest":593,"minecraft:fall_one_cm":408715},"minecraft:dropped":{"minecraft:diamond_axe":1,"minecraft:cooked_beef":21,"minecraft:crossbow":1,"minecraft:warped_roots":4,"minecraft:cobblestone_stairs":16,"minecraft:emerald":252,"minecraft:crimson_roots":1,"minecraft:gold_ingot":7,"minecraft:bone":3,"minecraft:gravel":15,"minecraft:stone_axe":2,"minecraft:cobbled_deepslate":9,"minecraft:rotten_flesh":17,"minecraft:oak_planks":6,"minecraft:diamond_shovel":1,"minecraft:carrot":110,"minecraft:gunpowder":10,"minecraft:chest":1,"minecraft:arrow":4,"minecraft:netherrack":3,"minecraft:enchanted_book":15,"minecraft:stone_hoe":1,"minecraft:bread":43,"minecraft:golden_helmet":2,"minecraft:dripstone_block":5,"minecraft:golden_axe":2,"minecraft:cobblestone":44,"minecraft:stick":2,"minecraft:torch":36,"minecraft:smooth_quartz_slab":2,"minecraft:string":198,"minecraft:stone_sword":1,"minecraft:tuff":1,"minecraft:stone_shovel":2,"minecraft:oak_sign":2,"minecraft:potato":144,"minecraft:shield":1,"minecraft:iron_chestplate":1,"minecraft:diamond_pickaxe":3,"minecraft:andesite":6,"minecraft:oak_sapling":1,"minecraft:bow":1,"minecraft:stone_pickaxe":8},"minecraft:crafted":{"minecraft:oak_planks":4100,"minecraft:smooth_stone":6,"minecraft:stone":6,"minecraft:diamond_shovel":1,"minecraft:bookshelf":6,"minecraft:warped_planks":52,"minecraft:diamond_helmet":3,"minecraft:diamond_leggings":2,"minecraft:bow":1,"minecraft:chest":3,"minecraft:stone_hoe":2,"minecraft:oak_fence":132,"minecraft:oak_slab":36,"minecraft:emerald":554,"minecraft:cooked_porkchop":15,"minecraft:diamond_axe":2,"minecraft:crafting_table":7,"minecraft:wooden_pickaxe":1,"minecraft:smithing_table":1,"minecraft:birch_planks":512,"minecraft:diamond_pickaxe":3,"minecraft:iron_chestplate":2,"minecraft:book":17,"minecraft:paper":399,"minecraft:shield":5,"minecraft:stick":8328,"minecraft:iron_ingot":60,"minecraft:composter":5,"minecraft:shears":1,"minecraft:stone_shovel":11,"minecraft:furnace":1,"minecraft:blast_furnace":1,"minecraft:yellow_bed":1,"minecraft:bone_meal":24,"minecraft:white_carpet":3,"minecraft:oak_trapdoor":2,"minecraft:flint_and_steel":2,"minecraft:iron_axe":1,"minecraft:iron_hoe":1,"minecraft:stone_pickaxe":8,"minecraft:diamond_boots":2,"minecraft:wheat":324,"minecraft:cooked_beef":145,"minecraft:diamond_sword":2,"minecraft:bucket":1,"minecraft:stone_axe":4,"minecraft:enchanted_book":6,"minecraft:bread":100,"minecraft:air":0,"minecraft:oak_boat":2,"minecraft:white_wool":259,"minecraft:white_bed":11,"minecraft:torch":72,"minecraft:diamond_chestplate":2},"minecraft:picked_up":{"minecraft:wheat":343,"minecraft:yellow_wool":9,"minecraft:lead":2,"minecraft:oak_stairs":9,"minecraft:enchanted_book":21,"minecraft:nether_brick":5,"minecraft:golden_sword":1,"minecraft:polished_blackstone_brick_stairs":5,"minecraft:string":3897,"minecraft:oak_sign":2,"minecraft:diamond_leggings":2,"minecraft:gold_nugget":50,"minecraft:cobbled_deepslate":57,"minecraft:bucket":1,"minecraft:ender_eye":2,"minecraft:iron_pickaxe":1,"minecraft:golden_helmet":2,"minecraft:stick":376,"minecraft:composter":12,"minecraft:oak_fence":3,"minecraft:torch":77,"minecraft:porkchop":7,"minecraft:golden_axe":2,"minecraft:pointed_dripstone":5,"minecraft:diorite":4,"minecraft:golden_chestplate":1,"minecraft:stone_sword":1,"minecraft:rotten_flesh":49,"minecraft:blaze_rod":19,"minecraft:obsidian":1,"minecraft:cobblestone":191,"minecraft:birch_log":256,"minecraft:cooked_beef":29,"minecraft:andesite":9,"minecraft:potato":1623,"minecraft:flint":2,"minecraft:tuff":27,"minecraft:wither_skeleton_skull":1,"minecraft:dirt":209,"minecraft:bone":41,"minecraft:bow":1,"minecraft:wheat_seeds":1008,"minecraft:raw_gold":22,"minecraft:fletching_table":7,"minecraft:oak_planks":7,"minecraft:chiseled_polished_blackstone":2,"minecraft:warped_wart_block":3,"minecraft:oak_pressure_plate":1,"minecraft:poisonous_potato":8,"minecraft:nether_brick_stairs":5,"minecraft:diamond":16,"minecraft:cracked_polished_blackstone_bricks":51,"minecraft:crossbow":2,"minecraft:granite":1,"minecraft:emerald":520,"minecraft:bread":24,"minecraft:oak_sapling":624,"minecraft:netherrack":820,"minecraft:crimson_roots":4,"minecraft:diamond_pickaxe":3,"minecraft:nether_wart":11,"minecraft:gold_block":2,"minecraft:oak_trapdoor":1,"minecraft:white_carpet":1,"minecraft:blackstone":58,"minecraft:beef":242,"minecraft:oak_boat":1,"minecraft:sugar_cane":382,"minecraft:chest":4,"minecraft:egg":5,"minecraft:raw_iron":24,"minecraft:polished_blackstone_bricks":118,"minecraft:carrot":1314,"minecraft:redstone":42,"minecraft:arrow":23,"minecraft:beetroot_seeds":3,"minecraft:diamond_boots":2,"minecraft:hay_block":36,"minecraft:gold_ingot":44,"minecraft:white_wool":43,"minecraft:bone_block":15,"minecraft:stripped_oak_log":8,"minecraft:basalt":6,"minecraft:leather":173,"minecraft:red_mushroom":1,"minecraft:oak_log":1800,"minecraft:golden_boots":1,"minecraft:yellow_bed":5,"minecraft:gunpowder":14,"minecraft:cobblestone_stairs":16,"minecraft:apple":55,"minecraft:warped_stem":13,"minecraft:iron_ingot":30,"minecraft:stone_pickaxe":1,"minecraft:soul_sand":40,"minecraft:quartz":420,"minecraft:dripstone_block":10,"minecraft:gravel":35,"minecraft:white_bed":5,"minecraft:crying_obsidian":3,"minecraft:spider_eye":4,"minecraft:diamond_shovel":3,"minecraft:diamond_axe":1,"minecraft:warped_roots":4,"minecraft:coal":59,"minecraft:smooth_quartz_slab":3,"minecraft:ender_pearl":4},"minecraft:killed":{"minecraft:zombified_piglin":1,"minecraft:spider":3,"minecraft:skeleton":9,"minecraft:piglin_brute":5,"minecraft:piglin":22,"minecraft:creeper":6,"minecraft:trader_llama":1,"minecraft:zombie":32,"minecraft:ghast":1,"minecraft:cow":77,"minecraft:blaze":5,"minecraft:hoglin":1,"minecraft:wither_skeleton":8,"minecraft:villager":2,"minecraft:enderman":3}},"DataVersion":3953}