{"stats":{"minecraft:mined":{"minecraft:cobblestone_stairs":3,"minecraft:crafting_table":1,"minecraft:torch":1,"minecraft:short_grass":41,"minecraft:grass_block":1,"minecraft:tall_grass":2,"minecraft:cobblestone":2,"minecraft:diorite":4,"minecraft:cobbled_deepslate":1,"minecraft:andesite":41,"minecraft:oak_log":12,"minecraft:coal_ore":26,"minecraft:dirt_path":1,"minecraft:dripstone_block":9,"minecraft:stone":488,"minecraft:deepslate":51},"minecraft:broken":{"minecraft:stone_pickaxe":4},"minecraft:custom":{"minecraft:mob_kills":12,"minecraft:interact_with_crafting_table":19,"minecraft:leave_game":4,"minecraft:time_since_death":33963,"minecraft:sleep_in_bed":3,"minecraft:time_since_rest":568,"minecraft:sprint_one_cm":206119,"minecraft:damage_taken":422,"minecraft:walk_one_cm":334326,"minecraft:drop":8,"minecraft:damage_dealt":1518,"minecraft:fly_one_cm":67245,"minecraft:open_chest":7,"minecraft:crouch_one_cm":30803,"minecraft:play_time":85073,"minecraft:deaths":2,"minecraft:sneak_time":10092,"minecraft:jump":735,"minecraft:walk_on_water_one_cm":578,"minecraft:total_world_time":85073,"minecraft:fall_one_cm":18142},"minecraft:dropped":{"minecraft:bread":12,"minecraft:cobblestone":107,"minecraft:oak_planks":6,"minecraft:stick":8,"minecraft:dirt":1,"minecraft:torch":32,"minecraft:egg":1},"minecraft:killed":{"minecraft:pig":4,"minecraft:spider":1,"minecraft:sheep":3,"minecraft:zombie":1,"minecraft:chicken":3},"minecraft:used":{"minecraft:diorite":24,"minecraft:stone_sword":24,"minecraft:cobblestone_stairs":168,"minecraft:stone_pickaxe":505,"minecraft:oak_planks":7,"minecraft:wooden_pickaxe":10,"minecraft:wooden_shovel":1,"minecraft:oak_door":2,"minecraft:torch":27,"minecraft:dirt":23,"minecraft:mutton":2,"minecraft:crafting_table":3,"minecraft:dripstone_block":9,"minecraft:tuff":1,"minecraft:iron_pickaxe":111,"minecraft:wooden_sword":9,"minecraft:cobblestone":170,"minecraft:porkchop":3,"minecraft:andesite":45,"minecraft:cobbled_deepslate":61},"minecraft:killed_by":{"minecraft:zombie":1},"minecraft:crafted":{"minecraft:wooden_sword":1,"minecraft:oak_door":2,"minecraft:oak_planks":48,"minecraft:wooden_shovel":1,"minecraft:crafting_table":2,"minecraft:wooden_pickaxe":1,"minecraft:cobblestone_stairs":196,"minecraft:stone_axe":1,"minecraft:stick":36,"minecraft:iron_pickaxe":1,"minecraft:stone_pickaxe":3,"minecraft:wooden_axe":1,"minecraft:stone_sword":2,"minecraft:torch":80},"minecraft:picked_up":{"minecraft:crafting_table":1,"minecraft:feather":1,"minecraft:chicken":3,"minecraft:andesite":47,"minecraft:brown_wool":1,"minecraft:tuff":1,"minecraft:oak_log":12,"minecraft:shield":1,"minecraft:cobblestone_stairs":19,"minecraft:dirt":58,"minecraft:wheat_seeds":7,"minecraft:cobbled_deepslate":61,"minecraft:stone_pickaxe":5,"minecraft:oak_planks":12,"minecraft:egg":3,"minecraft:stick":11,"minecraft:torch":37,"minecraft:dripstone_block":9,"minecraft:porkchop":10,"minecraft:diorite":11,"minecraft:spider_eye":1,"minecraft:stone_sword":1,"minecraft:bread":53,"minecraft:mutton":5,"minecraft:coal":24,"minecraft:cobblestone":578,"minecraft:white_wool":2}},"DataVersion":3953}