{"stats":{"minecraft:broken":{"minecraft:stone_pickaxe":1,"minecraft:stone_axe":2,"minecraft:stone_shovel":2,"minecraft:iron_axe":7},"minecraft:mined":{"minecraft:white_bed":9,"minecraft:obsidian":15,"minecraft:granite":2,"minecraft:chiseled_polished_blackstone":5,"minecraft:grass_block":581,"minecraft:cracked_polished_blackstone_bricks":47,"minecraft:soul_soil":18,"minecraft:composter":2,"minecraft:nether_wart":30,"minecraft:oxeye_daisy":1,"minecraft:gilded_blackstone":4,"minecraft:weeping_vines_plant":1,"minecraft:polished_blackstone_bricks":121,"minecraft:magma_block":23,"minecraft:glowstone":43,"minecraft:cobbled_deepslate":2,"minecraft:iron_ore":197,"minecraft:fire":18,"minecraft:barrel":1,"minecraft:pumpkin":75,"minecraft:fletching_table":1,"minecraft:deepslate_lapis_ore":8,"minecraft:nether_brick_stairs":1,"minecraft:azure_bluet":1,"minecraft:pointed_dripstone":7,"minecraft:dirt_path":1,"minecraft:tripwire":1,"minecraft:deepslate_redstone_ore":39,"minecraft:brown_mushroom":3,"minecraft:blackstone":57,"minecraft:crimson_nylium":2,"minecraft:soul_fire":1,"minecraft:chest":5,"minecraft:smooth_quartz_slab":2,"minecraft:nether_quartz_ore":80,"minecraft:cobblestone":6,"minecraft:grindstone":2,"minecraft:sugar_cane":973,"minecraft:oak_planks":4,"minecraft:wall_torch":5,"minecraft:deepslate_copper_ore":18,"minecraft:chain":4,"minecraft:warped_planks":1,"minecraft:birch_log":232,"minecraft:nether_wart_block":1,"minecraft:wheat":213,"minecraft:oak_log":1517,"minecraft:loom":1,"minecraft:sand":79,"minecraft:dirt":150,"minecraft:netherrack":2323,"minecraft:oak_leaves":290,"minecraft:deepslate":315,"minecraft:nether_gold_ore":44,"minecraft:tuff":65,"minecraft:deepslate_diamond_ore":64,"minecraft:glow_lichen":2,"minecraft:crimson_roots":3,"minecraft:redstone_wire":7,"minecraft:red_mushroom":6,"minecraft:crimson_stem":4,"minecraft:hay_block":26,"minecraft:redstone_ore":2,"minecraft:carrots":537,"minecraft:andesite":6,"minecraft:gold_block":16,"minecraft:bell":3,"minecraft:potatoes":340,"minecraft:deepslate_iron_ore":60,"minecraft:rail":35,"minecraft:stripped_oak_log":2,"minecraft:stone":289,"minecraft:bone_block":75,"minecraft:soul_sand":46,"minecraft:basalt":10,"minecraft:dandelion":8,"minecraft:oak_fence":19,"minecraft:crafting_table":3,"minecraft:cornflower":1,"minecraft:short_grass":213,"minecraft:warped_roots":1,"minecraft:lectern":127,"minecraft:tall_grass":26,"minecraft:copper_ore":90,"minecraft:lapis_ore":8,"minecraft:deepslate_gold_ore":56,"minecraft:polished_blackstone_brick_stairs":7,"minecraft:diorite":45,"minecraft:white_carpet":3,"minecraft:birch_leaves":21,"minecraft:yellow_bed":8,"minecraft:coal_ore":205,"minecraft:gravel":164,"minecraft:dripstone_block":6,"minecraft:cobweb":4,"minecraft:gold_ore":6},"minecraft:killed_by":{"minecraft:iron_golem":1},"minecraft:used":{"minecraft:diamond_hoe":189,"minecraft:oak_sign":1,"minecraft:chest":21,"minecraft:shield":25,"minecraft:stone":34,"minecraft:bell":4,"minecraft:carrot":543,"minecraft:tuff":8,"minecraft:coal_ore":92,"minecraft:deepslate_diamond_ore":25,"minecraft:bow":137,"minecraft:oak_sapling":45,"minecraft:furnace":2,"minecraft:egg":512,"minecraft:potato":409,"minecraft:diorite":5,"minecraft:stone_pickaxe":203,"minecraft:oak_planks":2,"minecraft:wooden_pickaxe":45,"minecraft:chainmail_helmet":1,"minecraft:composter":1,"minecraft:diamond_axe":100,"minecraft:sugar_cane":216,"minecraft:sand":54,"minecraft:loom":2,"minecraft:shears":10,"minecraft:pumpkin_seeds":28,"minecraft:lever":2,"minecraft:string":32,"minecraft:deepslate_iron_ore":12,"minecraft:bread":48,"minecraft:lectern":133,"minecraft:deepslate":33,"minecraft:gravel":79,"minecraft:diamond_sword":433,"minecraft:grindstone":2,"minecraft:bone_meal":160,"minecraft:oak_fence":37,"minecraft:oak_trapdoor":4,"minecraft:enchanting_table":1,"minecraft:stone_sword":16,"minecraft:stone_shovel":273,"minecraft:redstone":8,"minecraft:deepslate_gold_ore":7,"minecraft:cooked_chicken":4,"minecraft:netherrack":220,"minecraft:torch":132,"minecraft:brewing_stand":1,"minecraft:dirt":295,"minecraft:anvil":3,"minecraft:white_carpet":2,"minecraft:hopper":1,"minecraft:iron_hoe":35,"minecraft:wooden_axe":39,"minecraft:bookshelf":10,"minecraft:iron_axe":2159,"minecraft:barrel":2,"minecraft:tripwire_hook":4,"minecraft:cooked_beef":41,"minecraft:cobbled_deepslate":65,"minecraft:wheat_seeds":355,"minecraft:water_bucket":82,"minecraft:iron_ore":81,"minecraft:fletching_table":5,"minecraft:crafting_table":6,"minecraft:white_bed":11,"minecraft:smoker":1,"minecraft:oak_log":8,"minecraft:diamond_pickaxe":4817,"minecraft:diamond_shovel":673,"minecraft:chicken":1,"minecraft:iron_pickaxe":248,"minecraft:stone_axe":220,"minecraft:cobblestone":26,"minecraft:bucket":82,"minecraft:yellow_bed":8},"minecraft:custom":{"minecraft:animals_bred":183,"minecraft:interact_with_crafting_table":151,"minecraft:bell_ring":32,"minecraft:leave_game":13,"minecraft:time_since_death":360527,"minecraft:sprint_one_cm":1390121,"minecraft:damage_blocked_by_shield":800,"minecraft:drop":282,"minecraft:talked_to_villager":947,"minecraft:play_time":888172,"minecraft:deaths":2,"minecraft:jump":8808,"minecraft:walk_on_water_one_cm":138237,"minecraft:enchant_item":2,"minecraft:interact_with_furnace":174,"minecraft:traded_with_villager":1487,"minecraft:interact_with_loom":1,"minecraft:sleep_in_bed":51,"minecraft:damage_dealt":35961,"minecraft:crouch_one_cm":29539,"minecraft:interact_with_smoker":11,"minecraft:interact_with_smithing_table":6,"minecraft:mob_kills":295,"minecraft:interact_with_anvil":26,"minecraft:inspect_hopper":1,"minecraft:climb_one_cm":0,"minecraft:walk_one_cm":4340644,"minecraft:sneak_time":11278,"minecraft:walk_under_water_one_cm":34834,"minecraft:interact_with_blast_furnace":5,"minecraft:total_world_time":888172,"minecraft:interact_with_grindstone":3,"minecraft:time_since_rest":9942,"minecraft:damage_taken":6042,"minecraft:swim_one_cm":40141,"minecraft:fly_one_cm":770213,"minecraft:open_chest":870,"minecraft:fall_one_cm":195129},"minecraft:dropped":{"minecraft:diamond_axe":1,"minecraft:cooked_beef":29,"minecraft:oak_log":130,"minecraft:crossbow":1,"minecraft:warped_roots":2,"minecraft:emerald":5,"minecraft:dirt":20,"minecraft:crimson_roots":1,"minecraft:chain":8,"minecraft:gilded_blackstone":2,"minecraft:gold_nugget":10,"minecraft:iron_pickaxe":1,"minecraft:birch_log":320,"minecraft:gold_ingot":56,"minecraft:bone":3,"minecraft:gravel":5,"minecraft:chiseled_polished_blackstone":4,"minecraft:blackstone":48,"minecraft:golden_chestplate":1,"minecraft:obsidian":15,"minecraft:pointed_dripstone":2,"minecraft:rotten_flesh":4,"minecraft:diamond_shovel":1,"minecraft:azure_bluet":1,"minecraft:carrot":195,"minecraft:basalt":2,"minecraft:arrow":2,"minecraft:netherrack":115,"minecraft:firework_rocket":2,"minecraft:golden_boots":1,"minecraft:iron_ingot":30,"minecraft:bread":9,"minecraft:wheat_seeds":11,"minecraft:diamond_leggings":1,"minecraft:poisonous_potato":5,"minecraft:cobblestone":43,"minecraft:chainmail_helmet":1,"minecraft:stick":2,"minecraft:diorite":5,"minecraft:torch":70,"minecraft:nether_wart_block":1,"minecraft:iron_axe":1,"minecraft:string":137,"minecraft:bucket":1,"minecraft:soul_soil":7,"minecraft:tuff":1,"minecraft:stone_shovel":1,"minecraft:oak_sign":1,"minecraft:potato":24,"minecraft:hay_block":15,"minecraft:diamond_pickaxe":3,"minecraft:oak_sapling":1,"minecraft:diamond_boots":1,"minecraft:bow":2},"minecraft:crafted":{"minecraft:oak_planks":6155,"minecraft:chainmail_helmet":12,"minecraft:barrel":1,"minecraft:oak_sign":3,"minecraft:blaze_powder":18,"minecraft:cooked_chicken":4,"minecraft:loom":1,"minecraft:lever":2,"minecraft:diamond_shovel":5,"minecraft:bookshelf":16,"minecraft:hopper":2,"minecraft:diamond_helmet":2,"minecraft:bow":3,"minecraft:diamond_leggings":3,"minecraft:chest":19,"minecraft:ender_eye":15,"minecraft:golden_boots":2,"minecraft:smoker":1,"minecraft:oak_slab":42,"minecraft:emerald":1345,"minecraft:arrow":36,"minecraft:diamond_axe":1,"minecraft:crafting_table":4,"minecraft:wooden_pickaxe":1,"minecraft:fletching_table":4,"minecraft:brewing_stand":1,"minecraft:birch_planks":416,"minecraft:pumpkin_seeds":48,"minecraft:lectern":6,"minecraft:dark_oak_slab":6,"minecraft:iron_chestplate":8,"minecraft:book":130,"minecraft:paper":1029,"minecraft:diamond_pickaxe":4,"minecraft:shield":1,"minecraft:stick":12420,"minecraft:iron_ingot":239,"minecraft:iron_block":9,"minecraft:stone_sword":1,"minecraft:gold_ingot":78,"minecraft:composter":1,"minecraft:redstone":24,"minecraft:stone_shovel":3,"minecraft:tripwire_hook":2,"minecraft:iron_nugget":28,"minecraft:diamond_hoe":1,"minecraft:furnace":3,"minecraft:bone_meal":167,"minecraft:oak_trapdoor":4,"minecraft:iron_axe":16,"minecraft:iron_hoe":1,"minecraft:ender_pearl":19,"minecraft:stone_pickaxe":1,"minecraft:diamond_boots":3,"minecraft:dark_oak_planks":16,"minecraft:chainmail_leggings":3,"minecraft:wheat":99,"minecraft:cooked_beef":129,"minecraft:crimson_planks":16,"minecraft:diamond_sword":2,"minecraft:enchanting_table":1,"minecraft:bucket":3,"minecraft:stone_axe":3,"minecraft:glowstone":12,"minecraft:enchanted_book":23,"minecraft:bread":58,"minecraft:air":0,"minecraft:white_wool":673,"minecraft:chainmail_boots":9,"minecraft:wooden_axe":1,"minecraft:iron_shovel":7,"minecraft:anvil":3,"minecraft:white_bed":3,"minecraft:torch":216,"minecraft:diamond_chestplate":2,"minecraft:firework_rocket":66},"minecraft:picked_up":{"minecraft:iron_chestplate":2,"minecraft:wheat":208,"minecraft:chainmail_boots":1,"minecraft:lead":1,"minecraft:diamond_sword":1,"minecraft:enchanted_book":4,"minecraft:gilded_blackstone":1,"minecraft:golden_sword":1,"minecraft:string":13363,"minecraft:soul_soil":7,"minecraft:raw_copper":353,"minecraft:deepslate_lapis_ore":3,"minecraft:oak_sign":1,"minecraft:gold_nugget":356,"minecraft:cobbled_deepslate":267,"minecraft:deepslate_iron_ore":12,"minecraft:stick":189,"minecraft:composter":1,"minecraft:oak_fence":19,"minecraft:torch":73,"minecraft:porkchop":15,"minecraft:pointed_dripstone":14,"minecraft:diorite":32,"minecraft:nether_gold_ore":4,"minecraft:rotten_flesh":31,"minecraft:blaze_rod":7,"minecraft:obsidian":30,"minecraft:cobblestone":124,"minecraft:birch_log":296,"minecraft:magma_block":21,"minecraft:feather":5,"minecraft:potato":1100,"minecraft:flint":40,"minecraft:tuff":54,"minecraft:wither_skeleton_skull":1,"minecraft:lapis_lazuli":107,"minecraft:dirt":725,"minecraft:bone":44,"minecraft:bow":4,"minecraft:wheat_seeds":629,"minecraft:raw_gold":73,"minecraft:bell":4,"minecraft:grindstone":2,"minecraft:glowstone_dust":110,"minecraft:fletching_table":1,"minecraft:stone_hoe":1,"minecraft:oak_planks":21,"minecraft:ghast_tear":1,"minecraft:chiseled_polished_blackstone":4,"minecraft:poisonous_potato":8,"minecraft:sand":77,"minecraft:grass_block":1,"minecraft:loom":1,"minecraft:spectral_arrow":8,"minecraft:barrel":1,"minecraft:diamond":73,"minecraft:deepslate":33,"minecraft:deepslate_gold_ore":7,"minecraft:cracked_polished_blackstone_bricks":1,"minecraft:granite":2,"minecraft:bread":2,"minecraft:emerald":29,"minecraft:chainmail_helmet":2,"minecraft:oak_sapling":197,"minecraft:netherrack":1645,"minecraft:crimson_roots":3,"minecraft:diamond_pickaxe":4,"minecraft:crafting_table":3,"minecraft:azure_bluet":2,"minecraft:chicken":6,"minecraft:nether_wart":29,"minecraft:brown_mushroom":3,"minecraft:gold_block":16,"minecraft:chain":4,"minecraft:cornflower":2,"minecraft:iron_axe":1,"minecraft:white_carpet":2,"minecraft:blackstone":48,"minecraft:deepslate_diamond_ore":25,"minecraft:beef":245,"minecraft:lectern":127,"minecraft:sugar_cane":1590,"minecraft:chest":5,"minecraft:birch_sapling":35,"minecraft:egg":530,"minecraft:copper_ore":34,"minecraft:raw_iron":272,"minecraft:stone":94,"minecraft:polished_blackstone_bricks":14,"minecraft:carrot":2382,"minecraft:redstone":107,"minecraft:arrow":32,"minecraft:stone_shovel":3,"minecraft:nether_bricks":74,"minecraft:hay_block":26,"minecraft:mutton":5,"minecraft:white_wool":3,"minecraft:rail":34,"minecraft:bone_block":73,"minecraft:oxeye_daisy":1,"minecraft:stripped_oak_log":2,"minecraft:basalt":2,"minecraft:crimson_stem":4,"minecraft:glow_ink_sac":8,"minecraft:leather":133,"minecraft:red_mushroom":6,"minecraft:oak_log":1495,"minecraft:nether_wart_block":2,"minecraft:yellow_bed":8,"minecraft:gunpowder":31,"minecraft:paper":198,"minecraft:apple":23,"minecraft:iron_ingot":3,"minecraft:stone_pickaxe":2,"minecraft:iron_ore":81,"minecraft:soul_sand":47,"minecraft:nether_quartz_ore":16,"minecraft:pumpkin":74,"minecraft:quartz":120,"minecraft:dandelion":9,"minecraft:dripstone_block":5,"minecraft:gravel":97,"minecraft:white_bed":8,"minecraft:spider_eye":7,"minecraft:firework_rocket":2,"minecraft:diamond_shovel":1,"minecraft:coal_ore":86,"minecraft:chainmail_leggings":1,"minecraft:deepslate_redstone_ore":14,"minecraft:redstone_ore":2,"minecraft:diamond_axe":1,"minecraft:warped_roots":2,"minecraft:warped_nylium":1,"minecraft:coal":197,"minecraft:ender_pearl":4},"minecraft:killed":{"minecraft:cave_spider":2,"minecraft:zombified_piglin":5,"minecraft:spider":7,"minecraft:skeleton":28,"minecraft:chicken":7,"minecraft:piglin_brute":1,"minecraft:magma_cube":12,"minecraft:piglin":13,"minecraft:pig":6,"minecraft:iron_golem":1,"minecraft:creeper":9,"minecraft:sheep":3,"minecraft:trader_llama":3,"minecraft:pillager":9,"minecraft:zombie":29,"minecraft:ghast":4,"minecraft:glow_squid":2,"minecraft:blaze":10,"minecraft:cow":120,"minecraft:drowned":1,"minecraft:wandering_trader":2,"minecraft:hoglin":5,"minecraft:wither_skeleton":4,"minecraft:enderman":4}},"DataVersion":3953}