{"stats":{"minecraft:crafted":{"minecraft:oak_planks":5499,"minecraft:chainmail_helmet":12,"minecraft:barrel":1,"minecraft:cooked_chicken":4,"minecraft:loom":1,"minecraft:diamond_shovel":5,"minecraft:bookshelf":15,"minecraft:diamond_helmet":1,"minecraft:bow":2,"minecraft:diamond_leggings":2,"minecraft:chest":9,"minecraft:smoker":1,"minecraft:oak_slab":36,"minecraft:emerald":438,"minecraft:arrow":32,"minecraft:diamond_axe":1,"minecraft:crafting_table":3,"minecraft:wooden_pickaxe":1,"minecraft:fletching_table":4,"minecraft:birch_planks":416,"minecraft:pumpkin_seeds":48,"minecraft:dark_oak_slab":6,"minecraft:lectern":5,"minecraft:iron_chestplate":8,"minecraft:book":51,"minecraft:paper":513,"minecraft:diamond_pickaxe":4,"minecraft:stick":11316,"minecraft:iron_ingot":158,"minecraft:iron_block":3,"minecraft:stone_sword":1,"minecraft:gold_ingot":78,"minecraft:composter":1,"minecraft:stone_shovel":3,"minecraft:iron_nugget":28,"minecraft:diamond_hoe":1,"minecraft:furnace":3,"minecraft:bone_meal":167,"minecraft:iron_axe":16,"minecraft:iron_hoe":1,"minecraft:stone_pickaxe":1,"minecraft:diamond_boots":2,"minecraft:dark_oak_planks":16,"minecraft:chainmail_leggings":3,"minecraft:wheat":99,"minecraft:cooked_beef":45,"minecraft:diamond_sword":2,"minecraft:enchanting_table":1,"minecraft:bucket":3,"minecraft:stone_axe":3,"minecraft:enchanted_book":3,"minecraft:bread":58,"minecraft:air":0,"minecraft:chainmail_boots":9,"minecraft:wooden_axe":1,"minecraft:iron_shovel":7,"minecraft:anvil":1,"minecraft:white_bed":3,"minecraft:torch":176,"minecraft:diamond_chestplate":1},"minecraft:picked_up":{"minecraft:iron_chestplate":2,"minecraft:wheat":208,"minecraft:chainmail_boots":1,"minecraft:lead":1,"minecraft:diamond_sword":1,"minecraft:enchanted_book":1,"minecraft:golden_sword":1,"minecraft:string":8,"minecraft:soul_soil":7,"minecraft:raw_copper":120,"minecraft:deepslate_lapis_ore":3,"minecraft:gold_nugget":236,"minecraft:cobbled_deepslate":213,"minecraft:deepslate_iron_ore":12,"minecraft:stick":189,"minecraft:composter":1,"minecraft:oak_fence":18,"minecraft:torch":72,"minecraft:porkchop":15,"minecraft:pointed_dripstone":9,"minecraft:diorite":30,"minecraft:nether_gold_ore":4,"minecraft:rotten_flesh":17,"minecraft:obsidian":30,"minecraft:cobblestone":95,"minecraft:birch_log":296,"minecraft:magma_block":21,"minecraft:feather":4,"minecraft:potato":411,"minecraft:flint":38,"minecraft:tuff":52,"minecraft:lapis_lazuli":69,"minecraft:dirt":632,"minecraft:bone":14,"minecraft:bow":2,"minecraft:wheat_seeds":624,"minecraft:raw_gold":56,"minecraft:bell":4,"minecraft:grindstone":2,"minecraft:glowstone_dust":46,"minecraft:fletching_table":1,"minecraft:oak_planks":21,"minecraft:ghast_tear":1,"minecraft:poisonous_potato":6,"minecraft:sand":77,"minecraft:loom":1,"minecraft:spectral_arrow":8,"minecraft:barrel":1,"minecraft:diamond":71,"minecraft:deepslate":33,"minecraft:deepslate_gold_ore":7,"minecraft:granite":2,"minecraft:bread":2,"minecraft:emerald":29,"minecraft:chainmail_helmet":2,"minecraft:oak_sapling":194,"minecraft:netherrack":1403,"minecraft:crimson_roots":2,"minecraft:diamond_pickaxe":4,"minecraft:crafting_table":3,"minecraft:azure_bluet":2,"minecraft:chicken":5,"minecraft:brown_mushroom":3,"minecraft:cornflower":1,"minecraft:iron_axe":1,"minecraft:white_carpet":2,"minecraft:deepslate_diamond_ore":25,"minecraft:beef":108,"minecraft:lectern":60,"minecraft:sugar_cane":808,"minecraft:chest":1,"minecraft:birch_sapling":35,"minecraft:egg":84,"minecraft:copper_ore":34,"minecraft:raw_iron":191,"minecraft:stone":94,"minecraft:carrot":1548,"minecraft:redstone":99,"minecraft:arrow":18,"minecraft:stone_shovel":3,"minecraft:hay_block":26,"minecraft:mutton":5,"minecraft:white_wool":3,"minecraft:rail":9,"minecraft:bone_block":73,"minecraft:oxeye_daisy":1,"minecraft:stripped_oak_log":2,"minecraft:glow_ink_sac":3,"minecraft:leather":62,"minecraft:red_mushroom":6,"minecraft:oak_log":1493,"minecraft:nether_wart_block":2,"minecraft:yellow_bed":8,"minecraft:gunpowder":9,"minecraft:paper":198,"minecraft:apple":23,"minecraft:iron_ingot":3,"minecraft:stone_pickaxe":2,"minecraft:iron_ore":81,"minecraft:soul_sand":47,"minecraft:nether_quartz_ore":16,"minecraft:pumpkin":25,"minecraft:quartz":56,"minecraft:dandelion":7,"minecraft:dripstone_block":4,"minecraft:gravel":91,"minecraft:white_bed":7,"minecraft:spider_eye":4,"minecraft:diamond_shovel":1,"minecraft:coal_ore":86,"minecraft:chainmail_leggings":1,"minecraft:deepslate_redstone_ore":14,"minecraft:redstone_ore":2,"minecraft:diamond_axe":1,"minecraft:coal":103},"minecraft:custom":{"minecraft:animals_bred":94,"minecraft:interact_with_crafting_table":103,"minecraft:bell_ring":32,"minecraft:leave_game":11,"minecraft:time_since_death":65635,"minecraft:sprint_one_cm":931783,"minecraft:damage_blocked_by_shield":530,"minecraft:drop":242,"minecraft:talked_to_villager":545,"minecraft:play_time":593280,"minecraft:deaths":2,"minecraft:jump":5676,"minecraft:walk_on_water_one_cm":63816,"minecraft:enchant_item":2,"minecraft:interact_with_furnace":143,"minecraft:traded_with_villager":512,"minecraft:interact_with_loom":1,"minecraft:sleep_in_bed":33,"minecraft:damage_dealt":21690,"minecraft:crouch_one_cm":14557,"minecraft:interact_with_smoker":11,"minecraft:interact_with_smithing_table":6,"minecraft:mob_kills":161,"minecraft:interact_with_anvil":9,"minecraft:climb_one_cm":0,"minecraft:walk_one_cm":2986163,"minecraft:sneak_time":5981,"minecraft:walk_under_water_one_cm":29202,"minecraft:interact_with_blast_furnace":5,"minecraft:total_world_time":593280,"minecraft:interact_with_grindstone":2,"minecraft:time_since_rest":10325,"minecraft:damage_taken":4247,"minecraft:swim_one_cm":40141,"minecraft:fly_one_cm":536942,"minecraft:open_chest":420,"minecraft:fall_one_cm":121070},"minecraft:broken":{"minecraft:stone_pickaxe":1,"minecraft:stone_axe":2,"minecraft:stone_shovel":2,"minecraft:iron_axe":7},"minecraft:mined":{"minecraft:white_bed":8,"minecraft:obsidian":15,"minecraft:granite":2,"minecraft:grass_block":566,"minecraft:soul_soil":18,"minecraft:composter":2,"minecraft:oxeye_daisy":1,"minecraft:magma_block":21,"minecraft:glowstone":12,"minecraft:cobbled_deepslate":1,"minecraft:iron_ore":169,"minecraft:fire":12,"minecraft:barrel":1,"minecraft:pumpkin":26,"minecraft:fletching_table":1,"minecraft:deepslate_lapis_ore":7,"minecraft:azure_bluet":1,"minecraft:pointed_dripstone":5,"minecraft:dirt_path":1,"minecraft:deepslate_redstone_ore":39,"minecraft:brown_mushroom":3,"minecraft:soul_fire":1,"minecraft:chest":1,"minecraft:nether_quartz_ore":45,"minecraft:cobblestone":6,"minecraft:grindstone":2,"minecraft:sugar_cane":578,"minecraft:oak_planks":4,"minecraft:wall_torch":4,"minecraft:deepslate_copper_ore":18,"minecraft:nether_wart_block":1,"minecraft:birch_log":232,"minecraft:wheat":213,"minecraft:oak_log":1515,"minecraft:loom":1,"minecraft:sand":79,"minecraft:dirt":101,"minecraft:netherrack":2107,"minecraft:oak_leaves":276,"minecraft:deepslate":253,"minecraft:nether_gold_ore":32,"minecraft:tuff":62,"minecraft:deepslate_diamond_ore":62,"minecraft:glow_lichen":2,"minecraft:crimson_roots":2,"minecraft:red_mushroom":6,"minecraft:hay_block":26,"minecraft:redstone_ore":2,"minecraft:carrots":377,"minecraft:andesite":6,"minecraft:bell":3,"minecraft:potatoes":181,"minecraft:deepslate_iron_ore":49,"minecraft:rail":9,"minecraft:stripped_oak_log":2,"minecraft:stone":260,"minecraft:bone_block":75,"minecraft:soul_sand":46,"minecraft:basalt":3,"minecraft:dandelion":6,"minecraft:oak_fence":18,"minecraft:crafting_table":3,"minecraft:short_grass":197,"minecraft:lectern":60,"minecraft:tall_grass":26,"minecraft:copper_ore":59,"minecraft:lapis_ore":7,"minecraft:deepslate_gold_ore":55,"minecraft:diorite":43,"minecraft:white_carpet":3,"minecraft:birch_leaves":21,"minecraft:yellow_bed":8,"minecraft:coal_ore":165,"minecraft:gravel":141,"minecraft:dripstone_block":5},"minecraft:killed":{"minecraft:spider":5,"minecraft:skeleton":18,"minecraft:chicken":5,"minecraft:magma_cube":12,"minecraft:piglin":7,"minecraft:pig":6,"minecraft:iron_golem":1,"minecraft:creeper":4,"minecraft:sheep":3,"minecraft:trader_llama":3,"minecraft:pillager":9,"minecraft:zombie":21,"minecraft:ghast":3,"minecraft:glow_squid":1,"minecraft:cow":53,"minecraft:wandering_trader":2,"minecraft:hoglin":2,"minecraft:enderman":1},"minecraft:used":{"minecraft:diamond_hoe":189,"minecraft:chest":9,"minecraft:shield":18,"minecraft:stone":34,"minecraft:bell":4,"minecraft:carrot":352,"minecraft:tuff":8,"minecraft:coal_ore":52,"minecraft:deepslate_diamond_ore":25,"minecraft:bow":42,"minecraft:furnace":2,"minecraft:oak_sapling":45,"minecraft:egg":83,"minecraft:potato":250,"minecraft:diorite":5,"minecraft:stone_pickaxe":203,"minecraft:oak_planks":2,"minecraft:wooden_pickaxe":45,"minecraft:chainmail_helmet":1,"minecraft:composter":1,"minecraft:diamond_axe":100,"minecraft:sugar_cane":210,"minecraft:sand":54,"minecraft:loom":2,"minecraft:pumpkin_seeds":28,"minecraft:deepslate_iron_ore":12,"minecraft:bread":48,"minecraft:lectern":65,"minecraft:deepslate":33,"minecraft:gravel":79,"minecraft:diamond_sword":176,"minecraft:grindstone":2,"minecraft:bone_meal":160,"minecraft:oak_fence":36,"minecraft:enchanting_table":1,"minecraft:stone_sword":16,"minecraft:stone_shovel":273,"minecraft:deepslate_gold_ore":7,"minecraft:cooked_chicken":4,"minecraft:netherrack":54,"minecraft:torch":116,"minecraft:dirt":293,"minecraft:anvil":1,"minecraft:white_carpet":2,"minecraft:iron_hoe":35,"minecraft:wooden_axe":39,"minecraft:bookshelf":10,"minecraft:iron_axe":2054,"minecraft:barrel":2,"minecraft:cooked_beef":12,"minecraft:cobbled_deepslate":25,"minecraft:wheat_seeds":355,"minecraft:water_bucket":72,"minecraft:iron_ore":81,"minecraft:fletching_table":5,"minecraft:crafting_table":5,"minecraft:white_bed":10,"minecraft:smoker":1,"minecraft:oak_log":8,"minecraft:diamond_pickaxe":3327,"minecraft:diamond_shovel":590,"minecraft:chicken":1,"minecraft:iron_pickaxe":248,"minecraft:stone_axe":220,"minecraft:cobblestone":15,"minecraft:bucket":71,"minecraft:yellow_bed":8},"minecraft:dropped":{"minecraft:diamond_axe":1,"minecraft:oak_log":130,"minecraft:emerald":5,"minecraft:dirt":20,"minecraft:iron_pickaxe":1,"minecraft:birch_log":320,"minecraft:gold_ingot":47,"minecraft:obsidian":15,"minecraft:pointed_dripstone":2,"minecraft:rotten_flesh":4,"minecraft:diamond_shovel":1,"minecraft:azure_bluet":1,"minecraft:carrot":195,"minecraft:iron_ingot":30,"minecraft:bread":9,"minecraft:wheat_seeds":11,"minecraft:diamond_leggings":1,"minecraft:cobblestone":43,"minecraft:chainmail_helmet":1,"minecraft:stick":2,"minecraft:diorite":5,"minecraft:torch":70,"minecraft:nether_wart_block":1,"minecraft:iron_axe":1,"minecraft:bucket":1,"minecraft:soul_soil":7,"minecraft:tuff":1,"minecraft:stone_shovel":1,"minecraft:potato":24,"minecraft:hay_block":15,"minecraft:diamond_pickaxe":3,"minecraft:diamond_boots":1},"minecraft:killed_by":{"minecraft:iron_golem":1}},"DataVersion":3953}